external_id,name,venue,address,borough,neighborhood,weekday,date,start_time,frequency,latitude,longitude,signup_url,notes
user-screenshots-2026-10-06-4,Crush Comedy,Easy Lover,"221 N 14th St, Brooklyn, NY 11211",Brooklyn,,Sunday,,18:00,non-weekly,40.723047253069,-73.955602041055,,"User-submitted schedule image IMG_6364.jpeg, received October 6, 2026. The image publication date is unknown; confirm current details before traveling. Non-weekly; check mic's page for schedule."
user-screenshots-2026-10-06-5,The Teeny Tiny Mic,Easy Lover,"221 N 14th St, Brooklyn, NY 11211",Brooklyn,,Sunday,,20:00,non-weekly,40.723047253069,-73.955602041055,,"User-submitted schedule image IMG_6364.jpeg, received October 6, 2026. The image publication date is unknown; confirm current details before traveling. Non-weekly; check mic's page for schedule."
user-screenshots-2026-10-06-6,Bob and Sam Mic,Easy Lover,"221 N 14th St, Brooklyn, NY 11211",Brooklyn,,Sunday,,20:00,non-weekly,40.723047253069,-73.955602041055,,"User-submitted schedule image IMG_6364.jpeg, received October 6, 2026. The image publication date is unknown; confirm current details before traveling. Non-weekly; check mic's page for schedule."
user-screenshots-2026-10-06-8,B.Y.O.T.,Upright Citizens Brigade Theatre,"242 East 14th Street, New York, NY 10003",Manhattan,,Sunday,,21:00,non-weekly,,,https://ucbcomedy.com/show/byot-08-23-26/,"User-submitted schedule image IMG_6364.jpeg, received October 6, 2026. The image publication date is unknown; confirm current details before traveling. Non-weekly; check mic's page for schedule. The official BYOT page lists the second and fourth Sundays at 9 PM; this is twice monthly, not every other week. Venue address checked on the official page."
user-screenshots-2026-10-06-10,The Mic,The Improv,,Manhattan,,Saturday,,15:30,weekly,,,,"User-submitted schedule image IMG_6362.jpeg, received October 6, 2026. The image publication date is unknown; confirm current details before traveling.  Address unconfirmed; shown in the list without a guessed map pin. Comediq identifies this venue as East Village."
user-screenshots-2026-10-06-12,Feelings Anonymous,Easy Lover,"221 N 14th St, Brooklyn, NY 11211",Brooklyn,,Saturday,,17:30,non-weekly,40.723047253069,-73.955602041055,,"User-submitted schedule image IMG_6362.jpeg, received October 6, 2026. The image publication date is unknown; confirm current details before traveling. Non-weekly; check mic's page for schedule."
user-screenshots-2026-10-06-16,Energizer Honeys,Starr Bar,214 Starr St,Brooklyn,,Wednesday,,17:30,non-weekly,40.704981321797,-73.922918659599,,"User-submitted schedule image IMG_6359.jpeg, received October 6, 2026. The image publication date is unknown; confirm current details before traveling. Non-weekly; check mic's page for schedule."
user-screenshots-2026-10-06-24,Sick Hat,Cobra Club,6 Wyckoff Ave,Brooklyn,,Wednesday,,20:00,non-weekly,40.706703,-73.923507,,"User-submitted schedule image IMG_6359.jpeg, received October 6, 2026. The image publication date is unknown; confirm current details before traveling. Non-weekly; check mic's page for schedule."
user-screenshots-2026-10-06-25,The Mic About Ideas,Cobra Club,6 Wyckoff Ave,Brooklyn,,Wednesday,,20:00,non-weekly,40.706703,-73.923507,,"User-submitted schedule image IMG_6359.jpeg, received October 6, 2026. The image publication date is unknown; confirm current details before traveling. Non-weekly; check mic's page for schedule."
user-screenshots-2026-10-06-26,"Ugh, I'm Already Crying",Easy Lover,"221 N 14th St, Brooklyn, NY 11211",Brooklyn,,Wednesday,,20:00,non-weekly,40.723047253069,-73.955602041055,,"User-submitted schedule image IMG_6359.jpeg, received October 6, 2026. The image publication date is unknown; confirm current details before traveling. Non-weekly; check mic's page for schedule."
user-screenshots-2026-10-06-29,The Late Night Mic,Halyards,406 3rd Ave,Brooklyn,,Wednesday,,22:30,non-weekly,40.673312354215,-73.989860477853,,"User-submitted schedule image IMG_6359.jpeg, received October 6, 2026. The image publication date is unknown; confirm current details before traveling. Non-weekly; check mic's page for schedule."
user-screenshots-2026-10-06-32,Noise Complaint,Halyards,406 3rd Ave,Brooklyn,,Thursday,,18:00,weekly,40.673312354215,-73.989860477853,,"User-submitted schedule image IMG_6360.jpeg, received October 6, 2026. The image publication date is unknown; confirm current details before traveling. "
user-screenshots-2026-10-06-35,Backyard Baseball,Easy Lover,"221 N 14th St, Brooklyn, NY 11211",Brooklyn,,Thursday,,19:00,non-weekly,40.723047253069,-73.955602041055,,"User-submitted schedule image IMG_6360.jpeg, received October 6, 2026. The image publication date is unknown; confirm current details before traveling. Non-weekly; check mic's page for schedule."
user-screenshots-2026-10-06-38,Raw Charisma,Easy Lover,"221 N 14th St, Brooklyn, NY 11211",Brooklyn,,Thursday,,19:00,non-weekly,40.723047253069,-73.955602041055,,"User-submitted schedule image IMG_6360.jpeg, received October 6, 2026. The image publication date is unknown; confirm current details before traveling. Non-weekly; check mic's page for schedule."
user-screenshots-2026-10-06-43,Girls Night Mic,Flophouse,362 Grand St,Brooklyn,,Thursday,,23:00,weekly,40.712197,-73.95579,,"User-submitted schedule image IMG_6360.jpeg, received October 6, 2026. The image publication date is unknown; confirm current details before traveling. "
user-screenshots-2026-10-06-51,Get It Goin',Eastville,487 Atlantic Ave,Brooklyn,,Friday,,23:30,weekly,40.685869073815,-73.981649984597,,"User-submitted schedule image IMG_6361.jpeg, received October 6, 2026. The image publication date is unknown; confirm current details before traveling. "
user-screenshots-2026-10-06-52,Breakfast of Champions,Telephone,144 10th Ave,Manhattan,,Tuesday,,13:00,weekly,40.745132272479,-74.005844767208,,"User-submitted schedule image IMG_6358.jpeg, received October 6, 2026. The image publication date is unknown; confirm current details before traveling. "
user-screenshots-2026-10-06-53-2026-10-06,The Goated Mic,The PIT LAB,"156 W. 29th Street, Floor 2, New York, NY 10001",Manhattan,,,2026-10-06,17:00,weekly,40.747406157082,-73.992375803176,https://thepit-nyc.com/events/goat/,"User-submitted schedule image IMG_6358.jpeg, received October 6, 2026. The image publication date is unknown; confirm current details before traveling.  Official venue calendar checked October 6: Tuesdays at 5 PM through November 3; 4:30 PM at The Fishbowl starting November 10, through December 29. These are dated occurrences of a recurring mic."
user-screenshots-2026-10-06-53-2026-10-13,The Goated Mic,The PIT LAB,"156 W. 29th Street, Floor 2, New York, NY 10001",Manhattan,,,2026-10-13,17:00,weekly,40.747406157082,-73.992375803176,https://thepit-nyc.com/events/goat/,"User-submitted schedule image IMG_6358.jpeg, received October 6, 2026. The image publication date is unknown; confirm current details before traveling.  Official venue calendar checked October 6: Tuesdays at 5 PM through November 3; 4:30 PM at The Fishbowl starting November 10, through December 29. These are dated occurrences of a recurring mic."
user-screenshots-2026-10-06-53-2026-10-20,The Goated Mic,The PIT LAB,"156 W. 29th Street, Floor 2, New York, NY 10001",Manhattan,,,2026-10-20,17:00,weekly,40.747406157082,-73.992375803176,https://thepit-nyc.com/events/goat/,"User-submitted schedule image IMG_6358.jpeg, received October 6, 2026. The image publication date is unknown; confirm current details before traveling.  Official venue calendar checked October 6: Tuesdays at 5 PM through November 3; 4:30 PM at The Fishbowl starting November 10, through December 29. These are dated occurrences of a recurring mic."
user-screenshots-2026-10-06-53-2026-10-27,The Goated Mic,The PIT LAB,"156 W. 29th Street, Floor 2, New York, NY 10001",Manhattan,,,2026-10-27,17:00,weekly,40.747406157082,-73.992375803176,https://thepit-nyc.com/events/goat/,"User-submitted schedule image IMG_6358.jpeg, received October 6, 2026. The image publication date is unknown; confirm current details before traveling.  Official venue calendar checked October 6: Tuesdays at 5 PM through November 3; 4:30 PM at The Fishbowl starting November 10, through December 29. These are dated occurrences of a recurring mic."
user-screenshots-2026-10-06-53-2026-11-03,The Goated Mic,The PIT LAB,"156 W. 29th Street, Floor 2, New York, NY 10001",Manhattan,,,2026-11-03,17:00,weekly,40.747406157082,-73.992375803176,https://thepit-nyc.com/events/goat/,"User-submitted schedule image IMG_6358.jpeg, received October 6, 2026. The image publication date is unknown; confirm current details before traveling.  Official venue calendar checked October 6: Tuesdays at 5 PM through November 3; 4:30 PM at The Fishbowl starting November 10, through December 29. These are dated occurrences of a recurring mic."
user-screenshots-2026-10-06-53-2026-11-10,The Goated Mic,The PIT Fishbowl,"156 W. 29th Street, Floor 2, New York, NY 10001",Manhattan,,,2026-11-10,16:30,weekly,40.747406157082,-73.992375803176,https://thepit-nyc.com/events/goat/,"User-submitted schedule image IMG_6358.jpeg, received October 6, 2026. The image publication date is unknown; confirm current details before traveling.  Official venue calendar checked October 6: Tuesdays at 5 PM through November 3; 4:30 PM at The Fishbowl starting November 10, through December 29. These are dated occurrences of a recurring mic."
user-screenshots-2026-10-06-53-2026-11-17,The Goated Mic,The PIT Fishbowl,"156 W. 29th Street, Floor 2, New York, NY 10001",Manhattan,,,2026-11-17,16:30,weekly,40.747406157082,-73.992375803176,https://thepit-nyc.com/events/goat/,"User-submitted schedule image IMG_6358.jpeg, received October 6, 2026. The image publication date is unknown; confirm current details before traveling.  Official venue calendar checked October 6: Tuesdays at 5 PM through November 3; 4:30 PM at The Fishbowl starting November 10, through December 29. These are dated occurrences of a recurring mic."
user-screenshots-2026-10-06-53-2026-11-24,The Goated Mic,The PIT Fishbowl,"156 W. 29th Street, Floor 2, New York, NY 10001",Manhattan,,,2026-11-24,16:30,weekly,40.747406157082,-73.992375803176,https://thepit-nyc.com/events/goat/,"User-submitted schedule image IMG_6358.jpeg, received October 6, 2026. The image publication date is unknown; confirm current details before traveling.  Official venue calendar checked October 6: Tuesdays at 5 PM through November 3; 4:30 PM at The Fishbowl starting November 10, through December 29. These are dated occurrences of a recurring mic."
user-screenshots-2026-10-06-53-2026-12-01,The Goated Mic,The PIT Fishbowl,"156 W. 29th Street, Floor 2, New York, NY 10001",Manhattan,,,2026-12-01,16:30,weekly,40.747406157082,-73.992375803176,https://thepit-nyc.com/events/goat/,"User-submitted schedule image IMG_6358.jpeg, received October 6, 2026. The image publication date is unknown; confirm current details before traveling.  Official venue calendar checked October 6: Tuesdays at 5 PM through November 3; 4:30 PM at The Fishbowl starting November 10, through December 29. These are dated occurrences of a recurring mic."
user-screenshots-2026-10-06-53-2026-12-08,The Goated Mic,The PIT Fishbowl,"156 W. 29th Street, Floor 2, New York, NY 10001",Manhattan,,,2026-12-08,16:30,weekly,40.747406157082,-73.992375803176,https://thepit-nyc.com/events/goat/,"User-submitted schedule image IMG_6358.jpeg, received October 6, 2026. The image publication date is unknown; confirm current details before traveling.  Official venue calendar checked October 6: Tuesdays at 5 PM through November 3; 4:30 PM at The Fishbowl starting November 10, through December 29. These are dated occurrences of a recurring mic."
user-screenshots-2026-10-06-53-2026-12-15,The Goated Mic,The PIT Fishbowl,"156 W. 29th Street, Floor 2, New York, NY 10001",Manhattan,,,2026-12-15,16:30,weekly,40.747406157082,-73.992375803176,https://thepit-nyc.com/events/goat/,"User-submitted schedule image IMG_6358.jpeg, received October 6, 2026. The image publication date is unknown; confirm current details before traveling.  Official venue calendar checked October 6: Tuesdays at 5 PM through November 3; 4:30 PM at The Fishbowl starting November 10, through December 29. These are dated occurrences of a recurring mic."
user-screenshots-2026-10-06-53-2026-12-22,The Goated Mic,The PIT Fishbowl,"156 W. 29th Street, Floor 2, New York, NY 10001",Manhattan,,,2026-12-22,16:30,weekly,40.747406157082,-73.992375803176,https://thepit-nyc.com/events/goat/,"User-submitted schedule image IMG_6358.jpeg, received October 6, 2026. The image publication date is unknown; confirm current details before traveling.  Official venue calendar checked October 6: Tuesdays at 5 PM through November 3; 4:30 PM at The Fishbowl starting November 10, through December 29. These are dated occurrences of a recurring mic."
user-screenshots-2026-10-06-53-2026-12-29,The Goated Mic,The PIT Fishbowl,"156 W. 29th Street, Floor 2, New York, NY 10001",Manhattan,,,2026-12-29,16:30,weekly,40.747406157082,-73.992375803176,https://thepit-nyc.com/events/goat/,"User-submitted schedule image IMG_6358.jpeg, received October 6, 2026. The image publication date is unknown; confirm current details before traveling.  Official venue calendar checked October 6: Tuesdays at 5 PM through November 3; 4:30 PM at The Fishbowl starting November 10, through December 29. These are dated occurrences of a recurring mic."
user-screenshots-2026-10-06-54,Clay Ones,Young Ethels,506 5th Ave,Brooklyn,,Tuesday,,17:00,weekly,40.667208442775,-73.98826875444,,"User-submitted schedule image IMG_6358.jpeg, received October 6, 2026. The image publication date is unknown; confirm current details before traveling. "
user-screenshots-2026-10-06-55,Greenpoint Comedy Club,Greenpoint Comedy Club,66 Greenpoint Avenue,Brooklyn,,Tuesday,,17:30,weekly,40.729580279779,-73.958290877733,,"User-submitted schedule image IMG_6358.jpeg, received October 6, 2026. The image publication date is unknown; confirm current details before traveling. Image supplies the venue name without a separate mic title."
user-screenshots-2026-10-06-57,Tammany Hall,Halyards,406 3rd Ave,Brooklyn,,Tuesday,,18:00,weekly,40.673312354215,-73.989860477853,,"User-submitted schedule image IMG_6358.jpeg, received October 6, 2026. The image publication date is unknown; confirm current details before traveling. "
user-screenshots-2026-10-06-62,Flopsauce,Secret Pour,1114 Dekalb Ave,Brooklyn,,Tuesday,,19:00,non-weekly,40.693721,-73.929818,,"User-submitted schedule image IMG_6358.jpeg, received October 6, 2026. The image publication date is unknown; confirm current details before traveling. Non-weekly; check mic's page for schedule."
user-screenshots-2026-10-06-65,Greenpoint Comedy Club,Greenpoint Comedy Club,66 Greenpoint Avenue,Brooklyn,,Tuesday,,19:30,weekly,40.729580279779,-73.958290877733,,"User-submitted schedule image IMG_6358.jpeg, received October 6, 2026. The image publication date is unknown; confirm current details before traveling. Image supplies the venue name without a separate mic title."
user-screenshots-2026-10-06-68,Sanger Hall,Sanger Hall,"48-20 Skillman Avenue, Queens, NY 11104",Queens,Sunnyside,Tuesday,,20:00,non-weekly,,,,"User-submitted schedule image IMG_6358.jpeg, received October 6, 2026. The image publication date is unknown; confirm current details before traveling. Non-weekly; check mic's page for schedule. Queens."
user-screenshots-2026-10-06-71,Status,Secret Pour,1114 Dekalb Ave,Brooklyn,,Tuesday,,21:00,non-weekly,40.693721,-73.929818,,"User-submitted schedule image IMG_6358.jpeg, received October 6, 2026. The image publication date is unknown; confirm current details before traveling. Non-weekly; check mic's page for schedule."
user-screenshots-2026-10-06-72,Franzia,Nostrand Avenue Pub,"658 Nostrand Avenue, Brooklyn, NY 11216",Brooklyn,Crown Heights,Tuesday,,21:00,weekly,,,,"User-submitted schedule image IMG_6358.jpeg, received October 6, 2026. The image publication date is unknown; confirm current details before traveling. "
user-screenshots-2026-10-06-75,Cat Salad,Commune,415 Classon Ave,Brooklyn,,Monday,,18:00,weekly,40.6868264,-73.9593128,,"User-submitted schedule image IMG_6356.jpeg, received October 6, 2026. The image publication date is unknown; confirm current details before traveling. Day inferred from seven-day image set; verify Monday."
user-screenshots-2026-10-06-77,Rant,Mood Ring,"1260 Myrtle Avenue, Brooklyn, NY 11221",Brooklyn,,Monday,,19:00,weekly,,,,"User-submitted schedule image IMG_6356.jpeg, received October 6, 2026. The image publication date is unknown; confirm current details before traveling. Day inferred from seven-day image set; verify Monday. LGBTQ and women."
user-screenshots-2026-10-06-81,Yard Sale,Alphaville,140 Wilson Ave,Brooklyn,,Monday,,19:00,weekly,40.700577618269,-73.925624714481,,"User-submitted schedule image IMG_6356.jpeg, received October 6, 2026. The image publication date is unknown; confirm current details before traveling. Day inferred from seven-day image set; verify Monday."
user-screenshots-2026-10-06-83,Golden Hour,Social House Cafe,"60 Broadway, Brooklyn, NY 11249",Brooklyn,Williamsburg,Monday,,19:00,non-weekly,,,,"User-submitted schedule image IMG_6356.jpeg, received October 6, 2026. The image publication date is unknown; confirm current details before traveling. Day inferred from seven-day image set; verify Monday. Non-weekly; check mic's page for schedule."
user-screenshots-2026-10-06-84,Skin Tag,McCarren Parkhouse,"855 Lorimer Street, Brooklyn, NY 11222",Brooklyn,,Monday,,19:15,weekly,,,,"User-submitted schedule image IMG_6356.jpeg, received October 6, 2026. The image publication date is unknown; confirm current details before traveling. Day inferred from seven-day image set; verify Monday."
user-screenshots-2026-10-06-86,DIGIII,Crystal Lake Brooklyn,"647 Grand Street, Brooklyn, NY 11211",Brooklyn,Williamsburg,Monday,,19:30,non-weekly,,,,"User-submitted schedule image IMG_6356.jpeg, received October 6, 2026. The image publication date is unknown; confirm current details before traveling. Day inferred from seven-day image set; verify Monday. Non-weekly; check mic's page for schedule. Official venue website confirms 647 Grand Street, Brooklyn. Exact performance dates remain unconfirmed."
